Level,Least Sq Mean,Std Error,Mean
3,8.9769274,0.07737932,9.08099
5,9.0381665,0.02321920,9.06604
10,9.2425259,0.04980073,9.17630
15,9.2568463,0.04978343,9.19114
