Level,Least Sq Mean,Std Error,Mean
FCFS,9.0867610,0.00752196,9.08682
NPS,9.1704721,0.00752196,9.17042
