Level,Least Sq Mean,Std Error,Mean
3,291.56000,1.7434205,291.560
5,482.78000,1.7434205,482.780
10,718.85500,1.7434205,718.855
15,717.36500,1.7434205,717.365
