Level,Least Sq Mean,Std Error
"FCFS,3",291.05000,2.4655689
"FCFS,5",483.19000,2.4655689
"FCFS,10",720.26000,2.4655689
"FCFS,15",715.69000,2.4655689
"NPS,3",292.07000,2.4655689
"NPS,5",482.37000,2.4655689
"NPS,10",717.45000,2.4655689
"NPS,15",719.04000,2.4655689
