Level,Least Sq Mean,Std Error,Mean
FCFS,552.54750,1.2327845,552.548
NPS,552.73250,1.2327845,552.733
